﻿<?xml version="1.0" encoding="utf-8"?>
<abapGit version="v1.0.0" serializer="LCL_OBJECT_TABL" serializer_version="v1.0.0">
 <asx:abap xmlns:asx="http://www.sap.com/abapxml" version="1.0">
  <asx:values>
   <DD02V>
    <TABNAME>ZLACR_S_GAME_QUESTIONS</TABNAME>
    <DDLANGUAGE>E</DDLANGUAGE>
    <TABCLASS>INTTAB</TABCLASS>
    <DDTEXT>The game questions</DDTEXT>
    <MASTERLANG>E</MASTERLANG>
    <EXCLASS>1</EXCLASS>
   </DD02V>
   <DD03P_TABLE>
    <DD03P>
     <TABNAME>ZLACR_S_GAME_QUESTIONS</TABNAME>
     <FIELDNAME>MUSIC_QUESTIONS</FIELDNAME>
     <POSITION>0001</POSITION>
     <ROLLNAME>STRINGTAB</ROLLNAME>
     <ADMINFIELD>0</ADMINFIELD>
     <DATATYPE>TTYP</DATATYPE>
     <MASK>  TTYPL</MASK>
     <COMPTYPE>L</COMPTYPE>
    </DD03P>
    <DD03P>
     <TABNAME>ZLACR_S_GAME_QUESTIONS</TABNAME>
     <FIELDNAME>SCIENCE_QUESTIONS</FIELDNAME>
     <POSITION>0002</POSITION>
     <ROLLNAME>STRINGTAB</ROLLNAME>
     <ADMINFIELD>0</ADMINFIELD>
     <DATATYPE>TTYP</DATATYPE>
     <MASK>  TTYPL</MASK>
     <COMPTYPE>L</COMPTYPE>
    </DD03P>
    <DD03P>
     <TABNAME>ZLACR_S_GAME_QUESTIONS</TABNAME>
     <FIELDNAME>SPORT_QUESTIONS</FIELDNAME>
     <POSITION>0003</POSITION>
     <ROLLNAME>STRINGTAB</ROLLNAME>
     <ADMINFIELD>0</ADMINFIELD>
     <DATATYPE>TTYP</DATATYPE>
     <MASK>  TTYPL</MASK>
     <COMPTYPE>L</COMPTYPE>
    </DD03P>
    <DD03P>
     <TABNAME>ZLACR_S_GAME_QUESTIONS</TABNAME>
     <FIELDNAME>HISTORY_QUESTIONS</FIELDNAME>
     <POSITION>0004</POSITION>
     <ROLLNAME>STRINGTAB</ROLLNAME>
     <ADMINFIELD>0</ADMINFIELD>
     <DATATYPE>TTYP</DATATYPE>
     <MASK>  TTYPL</MASK>
     <COMPTYPE>L</COMPTYPE>
    </DD03P>
   </DD03P_TABLE>
  </asx:values>
 </asx:abap>
</abapGit>
